{
  "go2_5_32pm": [
    {
      "bucket": "global",
      "n": 32,
      "conv_rate": 0.25,
      "correct_rate": 0.03125,
      "te_med": 95.55410694452098,
      "te_p90": 114.014915605063,
      "re_med": 51.53831337606677,
      "re_p90": 119.81543502340858,
      "ms_med": 8265.02146
    }
  ]
}