{
  "go2_6_05pm": [
    {
      "bucket": "global",
      "n": 32,
      "conv_rate": 0.6875,
      "correct_rate": 0.6875,
      "te_med": 0.020323602614663858,
      "te_p90": 0.03325317391912737,
      "re_med": 0.11088220433968944,
      "re_p90": 0.5286962626207747,
      "ms_med": 74214.70435
    }
  ]
}