{
  "go2_5_32pm": [
    {
      "bucket": "global",
      "n": 32,
      "conv_rate": 0.53125,
      "correct_rate": 0.09375,
      "te_med": 9.317658554635344,
      "te_p90": 138.79225107528694,
      "re_med": 97.52624414830987,
      "re_p90": 172.24465333327169,
      "ms_med": 2192.5852
    }
  ]
}