{
  "go2_6_05pm": [
    {
      "bucket": "global",
      "n": 32,
      "conv_rate": 0.90625,
      "correct_rate": 0.84375,
      "te_med": 0.023773487634376044,
      "te_p90": 0.06825815130610363,
      "re_med": 0.15646643413801054,
      "re_p90": 0.7101230139276653,
      "ms_med": 10281.04765
    }
  ]
}