{
  "go2_5_32pm": [
    {
      "bucket": "global",
      "n": 32,
      "conv_rate": 0.21875,
      "correct_rate": 0.0,
      "te_med": 163.1410064509633,
      "te_p90": 171.16225679567708,
      "re_med": 46.598672402701844,
      "re_p90": 55.602200604112106,
      "ms_med": 57.5215625
    }
  ]
}