{
  "hk_village3_global": [
    {
      "bucket": "global",
      "n": 35,
      "conv_rate": 0.7714285714285715,
      "correct_rate": 0.2857142857142857,
      "te_med": 3.584557502542632,
      "te_p90": 5.890960748301554,
      "re_med": 89.88567657539974,
      "re_p90": 171.9625278833767,
      "ms_med": 164.5533
    }
  ]
}