{
  "kitti_06": [
    {
      "bucket": "global",
      "n": 33,
      "conv_rate": 1.0,
      "correct_rate": 1.0,
      "te_med": 0.03920348817815155,
      "te_p90": 0.06049676684535735,
      "re_med": 0.07006007696379787,
      "re_p90": 0.11821447996752094,
      "ms_med": 21612.5878
    }
  ]
}