{
  "outdoor_small_loop_global": [
    {
      "bucket": "global",
      "n": 32,
      "conv_rate": 0.4375,
      "correct_rate": 0.40625,
      "te_med": 0.009789513122106035,
      "te_p90": 0.03533968464267664,
      "re_med": 0.08725255791058889,
      "re_p90": 0.17166401028995912,
      "ms_med": 41585.3494
    }
  ]
}