{
  "outdoor_small_loop": [
    {
      "bucket": "global",
      "n": 32,
      "conv_rate": 0.875,
      "correct_rate": 0.6875,
      "te_med": 0.017032548958137834,
      "te_p90": 55.22765063690624,
      "re_med": 0.11516298358903596,
      "re_p90": 87.20313029718503,
      "ms_med": 7527.8228500000005
    }
  ]
}