{
  "outdoor_small_loop_rust": [
    {
      "bucket": "global",
      "n": 32,
      "conv_rate": 0.5,
      "correct_rate": 0.4375,
      "te_med": 0.010321481269345368,
      "te_p90": 0.5924615902675499,
      "re_med": 0.06394492497578733,
      "re_p90": 0.6273277204242789,
      "ms_med": 20228.5539
    }
  ]
}